,ptitle,entities
0,apple  lightning to usb 2m charge   sync cable,"('apple', 'ORG')"
1,buy u28p2u online   megabuy computer parts australia,Others
2,apple imac 21 5 desktop computer   intel dual core i5 2 3ghz,"('apple imac', 'ORG')"
3,hp 119a  w2090a  laser black toner   mediaform au,"('w2090a', 'ORG')"
4,hp 1un11aa   hp engage one basic i o connectivity base,Others
5,zebra tc26ak 11a222 na   barcodes  inc,Others
6,zebra at17010 1   barcodes  inc,Others
7,zebra 34901 031m   barcodes  inc,Others
8,zebra zd42042 d01000ez   barcodes  inc,Others
9,neff u1ace2hw0b built in double oven  white    hbh woolacotts   cornwall and devon s premier independent electrical retailer,"('neff u1ace2hw0b', 'ORG')"
10,msi 306 7zw1c31 813 xgx cool cpu mag coreliquid 360r 306 7zw1c31 813,Others
11,miele esw7020 29cm handleless gourmet warming drawer   miele,Others
12,hoover 9kg vented tumble dryer   white   c energy rated   aclands radio   tv ltd,Others
13,westinghouse 654k amazon fire   wa65ufa1001   next level,"('westinghouse', 'ORG')"
14,dji mini 2 fly more combo  tekzone,"('dji mini 2', 'ORG')"
15,dell p2721q 27 4k ips 5ms usb type c hdmi display p2721q    online,"('dell p2721q', 'ORG')"
16,canon 1367c008aa   canon pixma ts5050 inkjet a4 4800 x 1200 dpi wi fi,"('canon pixma', 'PRODUCT')"
17,zanussi built in electric double oven   stainless steel   a energy rated   david wood domestic appliances,Others
18,fujifilm xf 80mm f2 8 r lm ois wr macro  london camera exchange,"('london camera exchange', 'ORG')"
19,weber q3200 black   stand   official weber world store uk   wow bbq,Others
20,tl sg3428x   tp link jetstream 24pt gb l2  man swt,Others
21,wd 3tb my passport ultra 2 5 usb 3 0 external portable hard drive   berry,Others
22,tp link tl sg108 m2   tp link 8 port 2 5g desktop switch,"('m2', 'PRODUCT')"
23,tl wpa7517 kit   tp link gigabit powerline ac wi fi kit,Others
24,smeg cvi318xs integrated wine cooler   stainless steel,Others
25,apollo apollo3eechseestnblk 3 seater electric leather recliner with chaise   black e station,"('apollo apollo3eechseestnblk 3 seater electric', 'ORG')"
26,panasonic lumix fz330   london camera exchange,"('panasonic lumix', 'ORG')"
27,fry s electronics,"('fry s', 'PRODUCT')"
28,ultimate ears 4519432 wonderboom 2 crushed ice 984 001548 grey,Others
29,hifonix,Others
30,buy kelvinator 5 2kw window wall cooling only air conditioner    au,Others
31,datalogic gbt4500 hc hd wlc   barcodes  inc,"('hc hd wlc', 'ORG')"
32,cooler master thermal paste conductive compounds htk 002 u1    online,"('cooler', 'ORG')"
33,buy panasonic 3 5kw aero series cooling only inverter split system air conditioner    au,Others
34,bt converse 2100 white corded phone  040205    bt shop,"('bt converse 2100', 'PRODUCT')"
35,fry s electronics,"('fry s', 'PRODUCT')"
36,belkin wic002btgr   belkin wic002btgr holder passive holder mobile phone smartphone grey,Others
37,barbie  doll  pink fluffy jacket,Others
38,lexmark 41x0155   lexmark cs82x svc rollers deskew,Others
39,buy one for all essence 3 universal remote    au,Others
40,segway ninebot kids bike 14 inch   blue,Others
41,modern striped blue green rug 230x160cm   kogan com,Others
42,siemens hb676gbs6b homeconnect  multifunction  13 functions  tft touchdisplay  softmove  coolstart,"('siemens hb676gbs6b', 'ORG')"
43,buy breville the salt and pepper mills    au,Others
44,buy breville the breakfast pack   charcoal    au,Others
45,beko 60cm double oven gas cooker with glass lid   white   brooks,Others
46,pit boss pbmemu1 memphis ultimate combo gas and charcoal bbq smoker  10617,Others
47,iogear 2 port dvi kvmp switch with audio and cables,Others
48,acronis backup 12 5 advanced server license incl  aap gesd   mediaform au,Others
49,buy suri hanging planter   olive   au,Others
50,tvs  tekshop247 com,"('tvs', 'ORG')"
51,klipsch   reference series 10 150w powered subwoofer   black,"('klipsch', 'ORG')"
52,bosch pbp6b5b60 4 burner gas hob,"('bosch pbp6b5b60 4', 'ORG')"
53,syrp product turntanble,Others
54,celestron powerseeker accessory kit,"('celestron powerseeker', 'ORG')"
55,celestron c90 mak spotting scope,"('celestron c90 mak', 'ORG')"
56,broil king silicone side shelf mat  60009,"('broil king silicone', 'ORG')"
57,char broil t5000 titan  140689,Others
58,candy fc9d405in built in oven,Others
59,neff b57vr22n0b built in oven,"('neff', 'ORG')"
60,neff n17xh10n0 accessory drawer,"('neff n17xh10n0', 'PRODUCT')"
61,dick smith   black   decker foldable workbench  wm536 xe    home   garden   tools   workshop equipment   power tools   welding   soldering tools,Others
62,kitchenaid food processor attachment for stand mixer,"('kitchenaid food processor', 'ORG')"
63,g technology g raid 2 bay thunderbolt 3 raid array with 28tb  2x 14tb  hdd 0g10414,Others
64,g technology g speed shuttle 4 bay thunderbolt 3 raid array  56tb  4x 14tb  hdd 0g10401 1,Others
65,hp elitebook x360 830 g6 13 3 fhd i7 8565u 8gb 25 7pk04pa    online,Others
66,lsxc22396d lg 36 counter depth refrigerator with instaview door in door and smartthinq technology   black stainless steel,Others
67,palace living room 2 piece set,Others
68,whirlpool uw8f2cxlsb frost free 252l upright freezer   stainless steel effect   a,"('uw8f2cxlsb', 'ORG')"
69,zanussi zof35661xk built in oven,Others
70,tauris platinum2250 platinum entertainment unit 2250 black,"('tauris platinum2250', 'ORG')"
71,tech21 t21 7239   tech21 studio colour mobile phone case 14 7 cm  5 8  cover coral,Others
72,dick smith nz  remanufactured hp 951xl cyan cartridge   computers tablets   networking   printers  scanners   supplies   printer ink  toner   paper   ink cartridges,Others
73,buy yamaha 5 1ch home theatre pack yht1840b   bi rite,Others
74,weber traveler portable gas grill   official uk stockist   wow bbq,Others
75,weber genesis ii s 410 gbs gas bbq black   weber world store   wow bbq,Others
76,weber griddle   q3200 q3000   weber world store  uk   wow bbq,Others
77,weber genesis ii s 410 gbs gas bbq black   weber world store   wow bbq,Others
78,weber  go anywhere  charcoal bbq  1131004,Others
79,weber pellet storage bag  7007,Others
80,motorola st6101   barcodes  inc,"('motorola', 'ORG')"
81,techlink pm120b panorama tv stand in black oak for tv s up to 60,"('panorama tv', 'ORG')"
82,pm6 uk   apc surgearrest essential   surge protector   ac 230 v   output connec,Others
83,magtek 30050400 payment terminal   barcodes  inc,Others
84,liebherr cbnes6256 side by side combination,"('liebherr cbnes6256', 'ORG')"
85,asrock h410m hdv r2 0   asrock h410m hdv r2 0 intel h410 1200 micro atx 2 ddr4 vga dvi hdmi,Others
86,buy westinghouse 54cm freestanding cooker with electric oven and ceramic cooktop    au,Others
87,uk hoover hddb4106ambc,Others
88,zebra g79057m thermal printhead   barcodes  inc,Others
89,zip mt2790z7 hydrotap g4 celsius arc bcsha,Others
90,zebra ld r2bf5w r barcode label   barcodes  inc,Others
91,miele active airclean filter with timestrap,Others
92,buy westinghouse 453l dark stainless bottom mount refrigerator wbe4500bcr   bi rite,"('westinghouse', 'ORG')"
93,hotpoint 60cm electric oven   stainless steel   a rated   mg domestic,Others
94,hotpoint aoy54cix stainless steel built in electric single oven,"('hotpoint aoy54cix stainless steel', 'ORG')"
95,hp thunderbolt dock 230w g2 cable  new,"('230w g2', 'PRODUCT')"
96,hotpoint dd2540bl enamel interior double fan oven  a energy from kensington domestic appliances   kensington appliances,"('interior', 'ORG')"
97,fujifilm xf 8 16mm 2 8 r lm wr   london camera exchange,Others
98,sony fe 50mm f 1 8   london camera exchange,"('sony', 'ORG')"
99,wd my passport 1tb for mac portable hard drive black  wdbfkf0010bbk wese    bt shop,"('mac', 'ORG')"
100,alcatel 8085 2calgb1 p   alcatel one touch plus 10 32 gb 25 6 cm  10 1  intel atom  2 gb wi fi 4  802 11n  windows 10 home silver,Others
101,amica adf450wh   dishwashers   dishwashers   laundry   dishwashers,Others
102,wahl wa9305 5612 easy cut haircutting kit,Others
103,lego reg  ninjago trade  battle for ninjago city 70728    australia,Others
104,jays electro mech   ag lego  certified stores australia,"('ag', 'ORG')"
105,buy 5578 230 309 online   megabuyaustralia,"('309', 'PRODUCT')"
106,smeg ecf01cruk espresso machine in cream   best price   free uk delivery,Others
107,samsung   printing samsung mlt d309l h yield blk toner c,"('samsung', 'ORG')"
108,ubiquiti unifi  usw industrial  managed switch   landmark computers,Others
109,velbon m47 aluminium tripod with 2 way fluid video head   tripods   heads,Others
110,buy usw flex mini online   megabuyaustralia,Others
111,rangemaster rmb608bl ss   single oven electric   stainless steel    kitchens   appliances,"('rangemaster rmb608bl', 'ORG')"
112,honeywell 3320g 2usb 0 n   barcodes  inc,Others
113,hifonix,Others
114,breville lhm150sil the handy mix   store hand mixer white,Others
115,buy hl l2300d online   megabuy computer parts australia,Others
116,belling fs50etsil,Others
117,eversleep bhhaymm sgl mattress single hayman medium,Others
118,v2962 k   draytek vigor 2962   router   4 port switch   gige  2 5 gige   wan por,"('v2962', 'ORG')"
119,miele esw6114 14 cm warming drawerpush 2 openlow temperature cooking function,"('esw6114', 'ORG')"
120,barbie princess adventure doll   blonde hair,Others
121,neff j1ace2hn0b built   under double ovens,"('neff j1ace2hn0b', 'ORG')"
122,chevy shag rug lime 230x160cm   kogan com,"('chevy', 'ORG')"
123,breville bne500bks nespresso creatista uno espresso makerblack sesame,"('breville bne500bks', 'ORG')"
124,dick smith   belkin 90cm lightning to 3 5mm aux cable adapter for apple iphone 7 8 plus x   phones   accessories   smartphones accessories   cables   adapters,Others
125,hp eliteone 800 g6 23 8 ips i7 10700 8 gb 256 gb ss 30z59pa   compras expresso online,Others
126,buy infinity xt560 r5 5600x 16gb 512gb ssd   2tb hdd rtx3060ti 8gb desktop    au,"('xt560 r5', 'PRODUCT')"
127,uk new world nwbm157,"('uk new world', 'ORG')"
128,fisher price blaze and the monster machines die cast vehicle   zeg,Others
129,metra journey 11  w oe 4 3   99 6520b   next level,Others
130,nec 60005033   nec multisync ea272f 68 6 cm  27  1920 x 1080 pixels full hd led black,"('nec', 'ORG')"
131,alara 3 seater fabric sofa with chaise,Others
132,elica niko1ductbl nikolatesla extractor hob black duct out,Others
133,emerson 9 9cf top mounted freezer stainless steel,Others
134,juego de comedor bradley de 5 piezas,"('juego de comedor bradley de 5', 'ORG')"
135,swarovski tls apo 43mm digi scope adapter forats   sts   atm   stm   str,Others
136,ruark r3 music system,"('ruark r3 music system', 'ORG')"
137,celestron micro fi wifi handheld microscope,"('celestron micro', 'ORG')"
138,brateck full motion tv bracket for 23 42  led 3d led lcd tvs lpa16 224,Others
139,buy jam live loud true wireless earbuds   black    au,Others
140,buy laser chargecore 5000mah power bank with 3 in 1 cable   pink    au,Others
141,mclaren senna gtr    ag lego  certified stores australia,Others
142,g technology g dock ev solo enclosure 2tb docking solution with usb 3 0 0g04547,Others
143,rz02 03330400 r3m1  razer gigantus v2 soft gaming,Others
144,statesman edc60b 60cm double oven  ceramic hob cooker,Others
145,shimoda shoulder strap plus   army green,"('shimoda', 'ORG')"
146,used nikon af s dx 17 55mm f2 8g if ed lens,"('nikon', 'ORG')"
147,tech21 t21 8403 xgx evowallet   smokey black apple iphone 12 pro,Others
148,hdmimm10fl   startech com 10 ft flat high speed hdmi cable with ethernet   ultra hd,Others
149,cognitivetpg 03 02 1785 barcode label   barcodes  inc,Others
150,weber original pizza cutter  6690,Others
151,dick smith nz  maxim single portable cooktop   hotplate  hp1    home appliances   ranges   cooking appliances   cooktops,Others
152,90dd02a0 m29000   asus zendrive u9m sdrw 08u9m u   disk drive   dvd rw  r dl    8x 8x,Others
153,asus g551jm dm197h intel core i7 4710hq gtx860 8gb 750gb 15 6 windows 8 1  g551jm dm197h    bt shop,"('intel core', 'ORG')"
154,open box  apple watch se gps  40mm space gray aluminum case w black s,Others
155,westinghouse wvep617dsc electric pyrolytic multifunction oven dark steel60cm,"('westinghouse', 'ORG')"
156,jbl eon one compact all in one rechargeable personal pa w samson mic stand  mic eon one compact na a,"('pa w samson mic', 'ORG')"
157,sa4 544 h ix   hotpoint sa4 544 h ix built in single electric oven,Others
158,uk hotpoint hfc3c26,Others
159,zebra 10015341 r barcode label   barcodes  inc,Others
160,buy c5e 01298 online   megabuy computer store australia,Others
161,hp probook 430 g8  365g5pa    landmark computers,Others
162,hp probook 650 g8  364k7pa  i7 8gb 256gb ssd  landmark computers,Others
163,aeg dcb331010m surroundcook electric built in double oven  built in double ovens   ovens   cooking   appliance world,"('aeg', 'ORG')"
164,dell 210 avod 107038475   dell latitude 7410 w10 107038475   107038475 uk,Others
165,dell usb c mobile adapter da300  portable  4k 60hz  usb  hdmi  vga  dp  gigalan  492 bcjf,"('da300', 'PRODUCT')"
166,google 3rd generation chromecast   charcoal,"('google 3rd generation chromecast', 'ORG')"
167,asus zenbook ux430ua 14 light weight ultrabook intel core i7 8550 8gb 256gb ssd   outlet,Others
168,seagate barracuda q1 960gb ssd 3d qlc nand sata iii 6gb s 2 5 internal solid state drive,Others
169,toshiba tecra a50 ec 15 6 fhd i7 8550u 8gb 256gbpt5a1a 0yl001    online,"('ec', 'ORG')"
170,tp link deco m5 whole home wi fi  dual band wireless,Others
171,tamron 17 70mm f 2 8 di iii a vc rxd   sony e fit  aps c mirrorless,"('tamron', 'ORG')"
172,tps    ltd,"('tps    ltd', 'ORG')"
173,panasonic leica dg 100 400mm f4 6 3  london camera exchange,"('panasonic leica', 'ORG')"
174,karcher se 5 100 spray extractor cleaner  1 081 200 0    kogan com,Others
175,hikvision ds pwa64 l we ax pro l 64z control panel,"('hikvision ds', 'ORG')"
176,20vg0006uk   lenovo thinkbook 15   15 6   ryzen 5   8gb   256gb ssd   w10pro      jason wood,"('lenovo', 'ORG')"
177,lacie 2tb rugged mini portable external hard drive lac9000298,Others
178,canon ef 50mm f1 2 l usm lens,Others
179,seagate barracuda 2tb 7200rpm sata iii 6gb s 3 5 internal hard drive,Others
180,0 00   private spice viaccess 12 months   adult channel cards   satellite   tps    ltd,Others
181,buy uag surface pro 4 military standard case   cobalt blue    au,Others
182,buy uag pathfinder case for galaxy s21 ultra   black    au,Others
183,buy technics sl 1500c direct drive turntable best price online at hifonix  hifonix,Others
184,shallow depth built in oven 13amp lead   plug fitted   hylands ltd,Others
185,coach women s delancey flower appliqu  white leather strap watch,Others
186,cipherlab a8001rac00002   barcodes  inc,Others
187,bt broadband extender flex 1000 kit  080219    bt shop,"('bt broadband extender', 'ORG')"
188,bt everyday phone with answer machine   one handset  090665    bt shop,"('bt', 'ORG')"
189,asus 90yv0da2 m0na00   asus dual  rx5700xt o8g evo amd radeon rx 5700 xt 8 gb gddr6,"('asus 90yv0da2', 'ORG')"
190,buy candy fcp403x ovens   collection or delivery in nottinghamshire   domestic supplies,Others
191,elica shining in polished cooper ceiling hung extractor,"('elica', 'ORG')"
192,dick smith   microsoft l2 lifecam hd 3000  t3h 00014    computer peripherals   web cams  peripherals,"('microsoft', 'ORG')"
193,neff b17cr32n1b built in single multi function oven,"('neff', 'ORG')"
194,done,Others
195,neff z821pd0 partly ducted recirculation kit,Others
196,segway ninebot kickscooter max electric scooter,Others
197,segway ninebot kickscooter es2 electric scooter,Others
198,buy playseat pro 3s addon tv stand    au,Others
199,monitor audio wt 1 wireless transmitter for analogue audio,Others
200,search results for   ddr4 ecc unbuffered dimm,Others
201,emerson 9 9cf top mounted freezer stainless steel,Others
202,ruark r1 mk4 remote,Others
203,denon avr x2700h av receiver with bowers   wilkins mt 50 home theatre system,Others
204,blustream irdir   blustream designer ir receiver,Others
205,kipling keiko crossbody   true black,Others
206,kitchenaid 5ksmpra vegetable sheeter mixer attachment,Others
207,lego reg  star wars trade  death star trade  final duel 75291    australia,Others
208,lego reg  technic 4x4 x treme off roader 42099    australia,Others
209,g technology g speed shuttle 4 bay thunderbolt 3 raid array  72tb  4x 18tb  hdd 0g10816 1,Others
210,buy gs f3 10600cl9s 4gbnt online   megabuy computer store australia,"('4gbnt', 'PRODUCT')"
211,ge jb655ykfs 5 3 cu  ft  self cleaning freestanding electric convection range   stainless steel,"('ge jb655ykfs', 'ORG')"
212,hp laserjet pro m148dw wireless a4 mono laser mult 4pa41a    online,"('a4', 'PRODUCT')"
213,20sl003juk c   open box  lenovo thinkbook 14,Others
214,nx c5vek 001  acer conceptd 3 pro cn314 72p 74fl,"('nx', 'ORG')"
215,61fcmat6uk  lenovo thinkvision t24v 20 23 8 full hd,"('lenovo', 'ORG')"
216,bohemian sectional set,Others
217,search results for   dji phantom 4 intelligent flight battery,Others
218,blomberg odn9302x built in electric double oven in stainless steel  wellingtons electrical,"('blomberg odn9302x', 'ORG')"
219,sophie conran zscr0181 rivelin cake server gift box   offers,"('sophie conran zscr0181', 'ORG')"
220,buy fisher   paykel 60cm 10 function built in pyrolytic oven    au,Others
221,fisher price linkimals counting koala   early learning centre,Others
222,weber  genesis  ii sp 435 gbs stainless gas bbq  62006174,Others
223,weber sear grate gourmet bbq system   weber world store   wow bbq,Others
224,premium bbq cover for pulse   cart   weber world store   wow bbq,Others
225,weber roasting rack  large   official weber world store   wow bbq,Others
226,order hoover microwaves hmc 440 tvx today in stoke on trent   howards electrical ltd   howards electrical,"('howards electrical ltd', 'ORG')"
227,beefeater signature s3000s 5 burner c iron pack  12850e,"('beefeater', 'ORG')"
228,signature sl4000s 5 burner built in  31560uk,Others
229,automate 1w 1but keyless start   4115a   next level,"('1but', 'ORG')"
230,neff n17hh11n0b 14cm high warming drawer stainless steel,"('neff', 'ORG')"
231,buy l5v 00027 online   megabuy computer parts australia,Others
232,lsxc22396s lg 36 counter depth refrigerator with instaview door in door and smartthinq technology   stainless steel,Others
233,westinghouse wtb4600wc r top mount refrigerator460 litre,"('westinghouse', 'ORG')"
234,indesit i55tm4110w top mount 20 80 144cm high white,Others
235,hp probook 430 g7  9uq45pa,Others
236,intel  raid controller  rs3uc080,"('intel', 'ORG')"
237,p1hrm   dell optiplex 5480 all in one   all in one   core i5 10500t 2 3 ghz,Others
238,pfi 1700r red   700mllucia p ro   mediaform au,Others
239,canon pg 40 black ink tank,Others
240,dyson bigballmultifloor2 cylinder cleaner   go electrical,Others
241,corsair cmh16gx4m2d3600c18   corsair vengeance cmh16gx4m2d3600c18 memory module 16 gb 2 x 8 gb ddr4 3600 mhz,"('vengeance cmh16gx4m2d3600c18', 'PRODUCT')"
242,cheap asus vivobook flip 14 inch i7 10510u 16gb 512gb ssd 2 in 1 device    au,Others
243,apc srv192rbp 7a   apc srv192rbp 7a ups battery 192 v 7 ah,Others
244,arlo vmb4540 smarthub vmb4540 100aus    online,"('arlo vmb4540', 'ORG')"
245,buy smc1500i 2uc online   megabuy computer store australia,Others
246,a2633v22   anker powerport iii nano power adapter   usb c   20 watt      darren watts,Others
247,apc srvpm10kri   apc easy ups srv rm 10kva 230v no battery,Others
248,astrotek displayport dp to hdmi adapter converter male to female gold plated at dphdmi mf,"('hdmi adapter', 'ORG')"
249,vs sassoon vsd120a pro dryhair dryer2300 watts,Others
250,lh85ohnslgb en   samsung oh85n   85 class ohn series led display   digital signage out,Others
251,buy 87506 01 online   megabuy computer hardware australia,Others
252,ninja foodi 7 in 1 multi cooker 6l,Others
253,lenovo 3133b3u   barcodes  inc,Others
254,kingston hyperx fury rgb 32gb  2x16gb  3200mhz ddr hx432c16fb3ak2 32    online,"('kingston', 'ORG')"
255,lenovo thinksmart hub 500 11 6in i5 7500t 8gb ddr4  128gb ssd  wlan bt touch 3y onsite 10v50002au,"('lenovo thinksmart', 'ORG')"
256,buy electrolux 60cm dark stainless multi function duo oven evep626dsd   bi rite,Others
257,buy electrolux 800mm fridge trim kit    au,Others
258,smeg wmi147 washer   appliance world,Others
259,dick smith   sodastream twin pack 1l fuse carbonating bottles  white    home appliances   small kitchen appliances   water purification   soda makers  home appliances   small kitchen appliances   water purification   soda makers,Others
260,versace women s versusstainless steel swarovski crystal   red leather strap watch,Others
261,upright go 2 adhesive 10 pack ura08w in,Others
262,buy auralic aries g1 wireless streaming transporter online at hifonix  hifonix,Others
263,honeywell 99ex holster 2   barcodes  inc,"('honeywell 99ex', 'ORG')"
264,honeywell 220515 100   barcodes  inc,"('honeywell', 'ORG')"
265,honeywell 30l indoor evaporative cooler  cl30xc    matt blatt,"('honeywell 30l', 'ORG')"
266,cisco  air ap4800 z k9   11ac w2 analytics ap w  ca  4x4 3  location  mgig  z domain air ap4800 z k9,Others
267,bissell proheat 2x revolution carpet cleaner,"('bissell', 'ORG')"
268,bosch wta79200gb   vented tumble dryer d,Others
269,bosch serie 6 mba5350s0b built in electric double oven,"('bosch', 'ORG')"
270,ehc venus 600w electric towel rail   heating   cooling from powerhouse je uk,Others
271,eversleep bhhaymm ksgl mattress king single hayman medium,Others
272,blue buffalo blue tastefuls chicken entree in gravy flaked wet cat food  5 5 oz  case of 12   petco,"('blue buffalo blue tastefuls', 'ORG')"
273,blue buffalo baby blue healthy growth formula natural chicken   vegetable recipe wet puppy food  3 5 oz  case of 12   petco,"('blue buffalo', 'ORG')"
274,blue buffalo blue wilderness rocky mountain recipe adult red meat dinner wet dog food  12 5 oz    petco,"('blue buffalo blue wilderness rocky mountain', 'ORG')"
275,beko bct603ig cooktop induction60cm,Others
276,bosch wau28r90gb   stuart westmoreland,Others
277,siemens iq700 compact steam oven cd634gbs1,"('siemens iq700', 'ORG')"
278,linon vintage 5 x7 6 aztek   grey,"('x7 6', 'PRODUCT')"
279,intermec e07516 barcode label   barcodes  inc,Others
280,intermec 12084106 r thermal transfer ribbon   barcodes  inc,Others
281,iogear 3 in 1 usb c quantum card reader writer,Others
282,iceking ik3633ap2 in essex   sale appliances ltd,Others
283,niles speaker grill 6srs ea   sm91049   next level,Others
284,one step checkout,Others
285,success page,Others
286,shopping basket  shopping basket   tekshop247 com,Others
287,trestique line sharpen   smudge eye pencil   chocolate,Others
288,adesso chandler 3 piece lamp set,Others
289,linn majik dsm,"('linn majik dsm', 'ORG')"
290,grandview dynamique series alr screen,Others
291,monitor audio clg w12 outdoor subwoofer,Others
292,blanco bm5700ch   tap   chrome    kitchens   appliances,Others
293,broil king cast iron griddle   sovereign 90 90xl  11220,"('broil king cast iron griddle', 'ORG')"
294,1 new message,Others
295,lee seven5 37 5mm adapter ring,Others
296,lego minecraft the wool farm   21153,Others
297,lego reg  ninjago reg  kai s fire dragon 71701    australia,"('reg', 'ORG')"
298,lego reg  friends olivia s flamingo cube 41662    australia,Others
299,lg wifi enabled 4 5cuft front load washer and 7 4cuft electric dryer with optional pedestals,Others
300,fisher price laugh and learn my smart purse,Others
301,avensys   grey stackable chairs with black arms and chrome legs by howe,Others
302,microsoft 365 family 1 year  product key card,"('microsoft', 'ORG')"
303,corner desk with 5 levels   dark brown,Others
304,kurt s  adler christmas light string,Others
305,beko bbxif22100s og single electric oven,Others
306,synology ds1621xs 48tb exos ds1621xs 48tb exos 6 bay dt  storage,Others
307,weber barbecue cover for 47cm bbqs   weber world store   wow bbq,"('weber barbecue', 'ORG')"
308,weber flavorizer bars   official weber world store uk   wow bbq,Others
309,sapphire 11308 01 20g   sapphire nitro  radeon rx 6900 xt amd 16 gb gddr6,Others
310,buy delonghi dedica pump espresso maker   metal    au,Others
311,samsung jet 90 pro vs20r9049s3 cordless vacuum with spinning sweeper,"('samsung', 'ORG')"
312,apple tv 4k 64gb   mediaform au,"('apple tv', 'ORG')"
313,uk hotpoint nswf743ugg,Others
314,hp 799156 001   hp prodesk 400 g3 sff system board,Others
315,auscrown double ring lp burner with hose   regulator   kogan com,"('lp burner', 'ORG')"
316,bandai paw patrol mighty pups save adventure bay  nintendo switch   computing from powerhouse je uk,"('bandai paw patrol', 'ORG')"
317,zebra rtl10b1 g1as0x0000na   barcodes  inc,Others
318,msi geforce rtx 3090 ventus 3x 24g oc 24gb gddr6xrtx 3090 ventus 3x 24g oc    onli,"('3090', 'PRODUCT')"
319,hp glossy photo paper  8 5 x 11,Others
320,buy hp pavilion x360 14 inch pentium n5030 8gb 256gb ssd 2 in 1 device    au,Others
321,hp probook 650 g8  36l71pa    landmark computers,Others
322,buy aeg 600mm 4 burner natural gas cooktop   stainless steel    au,Others
323,epson erc 38br receipt ribbon   barcodes  inc,Others
324,buy epson 812xl high capacity durabrite ultra ink cartridge   magenta    au,Others
325,corsair cc 9011205 ww xgx case atx icue 4000x white window rgb,Others
326,zanussi built in electric double oven   stainless steel   a energy rated   michael r peters,Others
327,fuji xf 35mm f2 r wr lens silver,Others
328,buy electrolux f9 flexlift upright vacuum pf916eb   bi rite,Others
329,buy apple watch series 3 gps   space grey aluminium case with black sport band 38mm    au,Others
330,buy apple airpods with wireless charging case  2019     au,Others
331,sony playstation 5 gaming console,"('sony', 'ORG')"
332,wd 10tb red 3 5 sata 6gb s 5400rpm 128mb nas hard drive,Others
333,wd 2tb wd black p10 game drive external usb 3 2 gen 1 portable hard drive wdba2w0020bbk wesn,Others
334,tps    ltd,"('tps    ltd', 'ORG')"
335,wd 1tb mypassport ultra 3 0 portable hard drive   brilliant white,Others
336,samsung smart signage db10e   full specs   samsung uk,"('samsung smart signage', 'ORG')"
337,panasonic cs cu z25vkr air conditioner split reverse inverter2 5 3 2,"('panasonic cs cu', 'ORG')"
338,pio 6x8 coax 40w rms 4ohm pr   ts g6820s   next level,Others
339,fujifilm x t3 silver   xf 18 55   london camera exchange,"('london camera exchange', 'ORG')"
340,sandisk extreme sdxc card 150mb s uhsi card u3 v30 256gb,"('sandisk extreme sdxc card', 'ORG')"
341,targus 7 port usb3 0 powered hub with fast charging ach125au,Others
342,buy trend micro maximum security digital download   24 months for 3 devices    au,Others
343,speaker packages   best price online in united kingdom,Others
344,daewoo sda1993ge callisto speed blender with coffee grinder   600w black,"('daewoo sda1993ge', 'ORG')"
345,buy pwr ie65w pc dc  online   megabuyaustralia,Others
346,cisco ie 2000 with 4 port sfp 2 port ge sfp up ie 2000 4s ts g l,"('4s', 'PRODUCT')"
347,buy mpe 6501 acabw au online   megabuy computer store australia,Others
348,bt premium whole home wi fi two discs  093592    bt shop,"('bt premium whole', 'ORG')"
349,buy beko 60cm 94l pyrolytic built in oven bbo60b2pb   bi rite,Others
350,brother printers clearance stock   mediaform au,Others
351,asus ga401ivc ha275t   asus rog ga401ivc ha275t notebook 35 6 cm  14  2560 x 1440 pixels amd ryzen 9 32 gb ddr4 sdram 1000 gb ssd nvidia geforce rtx 2060 max q wi fi 6  802 11ax  windows 10 pro grey,Others
352,uk belling fs50eswh,Others
353,bose homespkr500b,Others
354,eero triband wifi router   b011101   next level,"('b011101', 'ORG')"
355,everdure by heston blumenthal cube khaki char bbq  hbcubekgb,"('heston blumenthal cube khaki', 'ORG')"
356,neff b3ace4hn0b   stuart westmoreland,Others
357,bosch hhf113br0b built in electric single oven,Others
358,posiflex cs10000b00   barcodes  inc,Others
359,intermec ck3xaacm000w4100 mobile handheld computer   barcodes  inc,"('intermec', 'ORG')"
360,buy hus726020ale610 online   megabuy computer parts australia,Others
361,motorola mc92n0 ga0sygya6wr mobile handheld computer   barcodes  inc,"('motorola mc92n0 ga0sygya6wr', 'ORG')"
362,buy cove 4 piece outdoor triple lounge package    au,Others
363,springfield backsaver mattress   full,"('springfield backsaver mattress', 'ORG')"
364,industrial charm queen bedroom set,Others
365,borshch kgm9691w og 70cm combi fridge freezer,Others
366,search results for   fj80,Others
367,falcon 74940display stainless steel splashback,"('falcon 74940display stainless steel', 'ORG')"
368,stoves st sgb700ps sta built in oven,Others
369,british bt4600si bt big button dect phone with call gua   hbh woolacotts   cornwall and devon s premier independent electrical retailer,"('bt big button', 'ORG')"
370,watchpoint  gibraltar   ag lego  certified stores australia,Others
371,lg signature mega capacity 5 8cuft turbowash steam washer and 9 0cuft turbosteam electric dryer,Others
372,g technology g drive mobile 4tb usb 3 1 gen 1 type c external hard drive  silver 0g10348,Others
373,wm3500cw lg 27 4 5 cu  ft  ultra large capacity smart wifi enabled front load washer with 6 motion technology and smartdiagnosis   white,Others
374,tuscan hill 7 piece dining set,Others
375,h2ogo sea pals spray pool 8 ft x 26 in,Others
376,candy cbwm814dc og 8kg 1400 spin integrated washing machine,Others
377,kood filters   filters   accessories,Others
378,fuji xf 18 135mm f3 5 5 6 r lm ois wr lens,Others
379,telstra 912 essential pro 2 4gx 6 1 inch screen black telstra locked device 6 1in,"('telstra 912', 'ORG')"
380,sirui t 1004sk tripod with g 10kx ball head aluminium travel tripod kit   all tripods and monopods   tripods   heads,Others
381,franke bfg651   1 5 bowl sink   various colours    kitchens   appliances,Others
382,buy yamaha 5 1 channel rx v385 av receiver    au,"('v385', 'PRODUCT')"
383,weber briquettes 4kg   official weber world store   wow bbq,Others
384,weber premium cover summit charcoal   weber world store   wow bbq,Others
385,weber  q permanent cart 6526,Others
386,weber smokefire 36 wood pellet grill   weber world store uk   wow bbq,Others
387,motorola 25 71919 04r   barcodes  inc,"('motorola', 'ORG')"
388,buy simpson 4kg ezi loader dryer sdv401   bi rite,Others
389,apple  13 3 macbook air with touch bar  mid 2019   8gb   space gray,"('apple', 'ORG')"
390,hp probook 450 g7 15 6 1080p touch i5 10210u 8gb9uq56pa    online,Others
391,zebra 880595 025du z perf 1000d 38x25mm 2580 lbl roll c 25mm box,Others
392,zebra 10023178 barcode label   barcodes  inc,Others
393,nikon en el25 battery  for the nikon z 50,"('nikon', 'ORG')"
394,msi 936 b17111 011   msi cubi n 8gl 001beu,Others
395,hp x360 1030 g7  225l9pa    landmark computers,Others
396,hp 61xl tri color inkjet print cartridge   mediaform au,Others
397,hp z1 g6 tower workstation  2d8l5pa    landmark computers,"('2d8l5pa', 'PRODUCT')"
398,buy canon pixma home ts9565 a3 all in one printer value bundle    au,Others
399,denon ceol rcdn11dab hi fi network cd receiver with heos and bt  white   hi fi confidential,"('bt  ', 'ORG')"
400,gopro rollcage protective lens replacements for hero8 black ajfrg 001,Others
401,corsair sf series  sf450  450 watt  sfx  80 plus platinum  fully modular power supply  au version,"('sf450', 'PRODUCT')"
402,buy cmk32gx4m1a2666c16 online   megabuy computer hardware australia,Others
403,dirt devil bd22510 reach max plus 3 in 1 cordless stick vacuum,Others
404,ps5dualcondisbun   bundle offer  sony playstation 5 disc console   additional dualsense p   shireen anderson,"('sony', 'ORG')"
405,shark klik n  flip s6001uk steam mop with up to 15 minutes run time   steam mops   floor care,Others
406,wd 16tb my cloud pro series 4100  4tb x 4  4bay media server nas,"('4bay', 'PRODUCT')"
407,wd 250gb my passport wireless ssd usb 3 0 wi fi mobile storage  wdbamj2500agy eesn    bt shop,Others
408,1 new message,Others
409,tamron 100 400mm f4 5 6 3 di vc usd lens canon,"('tamron', 'ORG')"
410,wd 10tb purple 3 5 sata 6gb s 7200rpm 256mb surveillance drive,Others
411,alphason chromium 2 tv stand cro2 1600cb red red gloss tv cabinet,"('alphason chromium', 'ORG')"
412,viper 1w 4but basic security   3105v   next level,Others
413,webscan tc 842 barcode verifier   barcodes  inc,Others
414,vivanco 42203 5 0 hdmi lead,Others
415,razer hammerhead true wireless earbuds   sound   vision from powerhouse je uk,Others
416,lego duplo creative ice cream   10574,Others
417,jurassic world figure   claire   stegosaurus,Others
418,lenovo 20mes0tf0b   lenovo thinkpad p1   15 6   core i7 8850h   16 gb ram   256 gb ssd,"('lenovo', 'ORG')"
419,8gb 1600mhz module for selected brands   mediaform au,Others
420,electrolux ebe4507sc l bottom mount refrigerator stainless steel left hinge 453 litre,Others
421,canon ef 200 400mm f4 l is usm with internal 1 4x extender lens,Others
422,canon ef 100 400mm f 4 5 5 6l is usm mkii   london camera exchange,"('london camera exchange', 'ORG')"
423,smeg cpr615nx dolce stil novo warming drawer stainless steel15 cm,Others
424,samsung notebook accessory power adapter 100   240v 40w for n130 nc20 aa pa2n40wa,"('samsung notebook accessory power adapter', 'ORG')"
425,topaz p t111 b   barcodes  inc,Others
426,polk rtia1 bookshelf cherry   rtia1ch   next level,Others
427,honeywell 1920idpm 3ser   barcodes  inc,"('honeywell', 'ORG')"
428,sg250 10p k9 uk   cisco 250 series sg250 10p   switch   smart   8 x 10 100 1000  poe,Others
429,dancook 7000  101422a,Others
430,crucial ct8g4dfra266 8gb 2666mhz cl19 ddr4 desktop ct8g4dfra266    online,Others
431,cisco c9400 lc 48ux b   cisco c9400 lc 48ux b network switch module 10 gigabit ethernet  gigabit ethernet,Others
432,smartnet 24x7x4 2000 series wlan con   mediaform au,Others
433,breville bbm800bss the custom loaf pro,Others
434,breville bes878btr the barista pro manual espresso machine black truffle,Others
435,bosch mha133br0b built in double oven 3d hot air,Others
436,belling cookcentre 90dft b   444444071 in bristol   nailsea electrical bishopston bs7,"('bristol   nailsea electrical bishopston', 'ORG')"
437,dimplex gdde50e dehumidifiers electronic control50l,Others
438,dimplex clb20e club optiflame electric stove   best price   free uk delivery,Others
439,elica cloud seven do 90cm ducted ceiling extractor  appliance world,"('elica', 'ORG')"
440,marantz nr1504 slimline av receiver   archive   marantz,Others
441,the sebo airbelt d2 total eco in black,Others
442,scosche usb c to usb c braided cable 4ft   black,"('scosche usb c', 'ORG')"
443,uk segway ninebogocart,Others
444,peacock feather austin rug grey blue rust 330x240cm   matt blatt,"('grey blue', 'ORG')"
445,dick smith   pack of 3 freckles round shag rugs dark brown 60x60cm   home   garden   rugs   carpets   wall to wall carpeting,Others
446,qbomb sngl 12shallow downfire   qp qbshallow12df   next level,Others
447,bosch bic630ns1b 14cm built in warming drawer in stainless steel,"('bosch', 'ORG')"
448,brother hl l3230cdw networkable colour laser printerwith 2 sided printing,Others
449,blue buffalo blue wilderness trail duck biscuits dog treats  24 oz    petco,"('blue buffalo blue wilderness', 'ORG')"
450,buy bosch series 6 900mm 85l built in pyrolytic oven    au,Others
451,polti ptgb0068 vappretto 15 in 1 steam mop   handheld cleaner,"('polti ptgb0068', 'ORG')"
452,peerless prmf210 paramount tv mount for 22 to 40  tvs,Others
453,buy instachill evaporative 11l portable air cooler   black    au,Others
454,iogear miniview micro usb plus 2 port kvm switch with audio and cables,"('iogear miniview micro usb plus', 'ORG')"
455,iogear hdmi extender,Others
456,igenix ig9813 12l portable dehumidifier   hbh woolacotts   cornwall and devon s premier independent electrical retailer,Others
457,buy sanus 42 inch to 90 inch advance full motion premium tv mount   black    au,Others
458,buy the whirlpool wwcr9230 washing machines   delivery to london and the surrounding areas,Others
459,shimoda action x70   black,"('shimoda action x70', 'ORG')"
460,linn klimax exakt system,Others
461,cyrus cd xt signature cd player,"('cyrus', 'ORG')"
462,magimix 5200xl premium blendermix food processor  black,"('magimix 5200xl', 'ORG')"
463,lego city diving yacht   60221,Others
464,lg 5 0 cuft gas front load washer with turbowash 360  and 7 4 cu ft  front load dryer with turbosteam and built in intelligence,Others
465,kd85xh9096bu  sony bravia kd85xh90 85 full array,"('sony', 'ORG')"
466,hotpoint pas642hwh 60cm gas hob   white,Others
467,ue55tu8500uxxu  samsung 55 ue55tu8500 dynamic,Others
468,dick smith nz  pgi 1600xl premium pigment compatible inkjet cartridge set  4 cartridges    computers tablets   networking   printers  scanners   supplies   printer ink  toner   paper   ink cartridges,Others
469,motorola 11 35035 01r   barcodes  inc,"('motorola', 'ORG')"
470,buy tempur millennium medium large pillow   au,Others
471,yamaha ns sw700 subwoofer  hi fi confidential,Others
472,asrock z490 phantom gaming 4 2 5g intel lga 1200 a z490 phantom gaming 4 2 5g    onl,Others
473,samsung nv70k1310bs 70l electric oven with dual fan in stainless steel,Others
474,buy mu pb2t0b ww online   megabuy computer store australia,Others
475,westinghouse whsk01k electric skillet with glass lid   26 cm  black,"('westinghouse', 'ORG')"
476,jbl vma160 commercial series 60w bluetooth enabled mixer amplifier  5 in 1 out  nvma160 0 us,"('mixer', 'ORG')"
477,hpe c6n32abe   hpe hp insight control encl fio 8 svr e,Others
478,zebra 02100bk11045 thermal transfer ribbon   barcodes  inc,Others
479,zebra p1058930 085   barcodes  inc,"('zebra p1058930 085', 'ORG')"
480,zebra crd tc8x 2suchg 01   barcodes  inc,Others
481,indesit is5g1pmss 50 cm kuchenka gazowa w kolorze srebrnym  pojedynczy piekarnik  fsd,Others
482,hp 130a cf353a magenta toner,Others
483,hp  30a black toner cf230a landmark computers,Others
484,hpe 900w  820792 b21  ac 240vdc redundant power supply kit,Others
485,aeg be330362km built in steambake single oven,"('aeg', 'ORG')"
486,canon eos m50   15 45mm black   55 200 is stm lens   london camera exchange,"('canon eos m50', 'PRODUCT')"
487,denon dm41dab silver inc  polk t50  bok fi  denon,Others
488,gopro hero9 black essentials kit chdhx 901 xx g,Others
489,icandy peach chrome combo set dove grey,"('icandy peach chrome combo', 'ORG')"
490,corsair cmk16gx4m2z3600c20 vengeance lpx 16gb memory kit  2 x,"('corsair', 'ORG')"
491,lg ez slim wall mount for the 55ec9300 curved oled tv,Others
492,asus ph gtx1650 o4g vga ph gtx1650 o4g,Others
493,tp link archer vr600v ac1600 wireless gigabit voip vdsl adsl modem router,Others
494,tamron sp 150 600 vc g2   canon ef fit,"('tamron', 'ORG')"
495,wd 500gb red sa500 2 5 7mm sata 6gb s ssd,Others
496,sandisk 8gb clip jam mp3 player   green sdmx26 008g g46g,"('g', 'PRODUCT')"
497,buy wds500g2b0a online   megabuy computer store australia,Others
498,alphason atvb792t 47 90  tilt action wall bracket,Others
499,white knight c4317aw  integrated 7kg vented dryer,"('white knight', 'ORG')"
500,8asps7 beu0   ring solar charger,Others
501,buy panasonic 2 0 channel 450w mighty mini party sound system    au,Others
502,lacie 2tb portable usb 3 1 gen 2 type c external ssd sthk2000800,Others
503,lenovo thinkbook 15  20rw0099au,"('lenovo', 'ORG')"
504,dell xps 8940 tower   10th gen intel core i7 10700   geforce gtx 1660 ti,Others
505,uic msr213u 33auknr credit card swiper   barcodes  inc,Others
506,tower 550w digital breadmaker   small appliances from powerhouse je uk,Others
507,buy audio technica at art9 premium magnetic moving coil cartridge at hifonix  hifonix,Others
508,honeywell ck75aa6en00w1400 mobile handheld computer   barcodes  inc,"('honeywell ck75aa6en00w1400 mobile handheld computer', 'ORG')"
509,cisco 19 inch rack mount kit for isr 4450   4350 acs 4450 rm 19,Others
510,uppababy 0918 mbk uk dev minu from birth kit   devin  light grey m lange,"('mbk', 'ORG')"
511,beko cfp1691w in bristol   nailsea electrical bishopston bs7,Others
512,belling built in electric double oven   black   a rated   peter rhodes,Others
513,2988c008   canon pixma ts9550   multifunction printer   colour,"('canon pixma ts9550', 'PRODUCT')"
514,pabt002   brother pa bt 002   printer battery lithium ion   for pocketjet pj 722,"('pabt002', 'ORG')"
515,a1pys33e113a   dynabook satellite pro c50 h 103   15 6   core i3 1005g1   8 gb ram,"('dynabook satellite', 'ORG')"
516,ewbank ew3040 in essex   sale appliances ltd,Others
517,fisher price baby s first blocks,Others
518,lg gs l668pnl side by side refrigerator668 litre,"('lg gs l668pnl', 'ORG')"
519,barbie fashionistas doll   tartan dress,Others
520,zesilova  marantz hd amp1  sluch tka  marantz,Others
521,miele hbbr71,Others
522,ruckus 901 r310 ww02 access point   barcodes  inc,"('ruckus 901 r310 ww02', 'ORG')"
523,bubba blue bamboo   large cot mattress protector   kogan com,Others
524,blue buffalo blue tastefuls chicken entree pate wet food for mature cats  3 oz    petco,"('blue buffalo blue tastefuls', 'ORG')"
525,huina 583 wheel loader rc bulldozer metal 2 4g 10ch 1 14 rc front loader construction vehicle,"('huina 583', 'PRODUCT')"
526,used hasselblad h3d 50 camera body 238 shots,Others
527,tps    ltd,"('tps    ltd', 'ORG')"
528,ptp 670 integrated 23dbi ac dc eu c050067h016a,"('ptp', 'ORG')"
529,yamaha musiccast mcr n570d,Others
530,kef ls50 kitapl k hoparl rleri,Others
531,manufacturer refurbished   yamaha rx a880   black,Others
532,custom design munich hi fi 4,Others
533,techlink arena tv stand   oak,"('arena tv', 'ORG')"
534,dualit 1 5l lite jug kettle  black,Others
535,chenbro cubicom200 nuc case 0 83 litre  65wac  131x116x55mm cubicom200,"('chenbro cubicom200 nuc', 'ORG')"
536,callas 14 piece makeup brush set,Others
537,kelvinator 9 0 10 0kw split system air conditioner,Others
538,kitchenaid artisan mixer in onyx black 5ksm175psbob   best price   free uk delivery,Others
539,liebherr ewtgb1683 vinidor 33 bottle integrated wine cabinet,"('liebherr ewtgb1683', 'ORG')"
540,lego reg  city police tow truck trouble 60137    australia,Others
541,blower brush   fe8 6318 000000   mediaform au,Others
542,avensys   tall glass vase with light gold silver tone,Others
543,wt7500cw lg 27 5 2 cu  ft  mega capacity top load washer with 950 rpm and staincare   white,Others
544,90mb13p0 m0eay0  asus tuf gaming b460 pro  wi fi,Others
545,r465ja ek058t  asus vivobook 14 r465ja ek058t,Others
546,hasselblad xcd 21mm f4 lens,Others
547,aeg bsk798380b built in oven,"('aeg bsk798380b', 'ORG')"
548,sc15834n   swan sc15834n power turbo pet extend vacuum upright blue      darren watts,Others
549,sirui t 1204sk carbon fibre tripod with g 10kx ball head travel tripod kit   sirui   tripods   heads,Others
550,weber  ash catcher   weber  47cm charcoal barbecue  7406,Others
551,weber  q1400 dark grey electric bbq  52020074,"('q1400 dark grey electric', 'ORG')"
552,tp link 2 port gigabit av2000 passthrough powerline starter kit  pa9020p    kogan com,Others
553,logic controls le1015w   barcodes  inc,Others
554,devanti bread maker machine automatic bakehouse home stainless steel baker oven   kogan com,"('devanti', 'ORG')"
555,yamaha 5 1 ch av receiver with cinema dsp 3d,Others
556,asrock rx5700xt clp 8go amd radeon rx 5700 xt challenger pro,"('amd radeon rx', 'ORG')"
557,asus p1801 t nvidia tegra 3 2gb 32gb 18 4 android jelly bean 4 1  p1801 t b006m    bt shop,"('asus p1801', 'ORG')"
558,amd ryzen 5 5600x 4 6ghz 6 cores 12 threads am4 cp 100 100000065box    online,"('amd', 'ORG')"
559,apple macbook air 13 i5 10th gen 8gb 512gb   computing from powerhouse je uk,Others
560,m2g streaming module   wm1   next level,Others
561,zebra 105934 006   barcodes  inc,Others
562,zebra 03200bk15645 thermal transfer ribbon   barcodes  inc,Others
563,buy cspy09c 4cce 81b8 e5adea60794c online   megabuyaustralia,"('e5adea60794c', 'ORG')"
564,buy kgz 00035 online   megabuy computer parts australia,Others
565,miele h2265bp single oven clean steel pyrolitic,Others
566,microsoft 3yf 00652   microsoft office for mac standard 1 license s,"('microsoft office', 'ORG')"
567,miele cocoon caps 9 pack fabric softener wa csoa 0901 l,Others
568,microsoft p73 04837   microsoft windows server standard edition,"('microsoft', 'ORG')"
569,nikon 600mm f 4e fl ed vr af s   london camera exchange,"('nikon', 'ORG')"
570,hp z1 g6 tower  2d8m8pa    landmark computers,Others
571,cheap westinghouse 600mm oven   white    au,"('westinghouse', 'ORG')"
572,indesit idvl 75 b r k front loading electric dryer   7 kg   black,Others
573,hp 302 ink cartridge multipack  b c m y    tonergiant,Others
574,hp  119a magenta toner w2093a landmark computers,Others
575,intel nuc 8 mainstream g kit  nuc8i5inh  islay canyon make sure it is invoiced with ac06c05au bxnuc8i5inhx,"('intel', 'ORG')"
576,hp envy 13 ad166tx i5 8250u 8gb ram  256gb ssd  13 3in fhd touch  nv mx150  2gb  wl ac bt w10home,Others
577,canon rf 800mm f 11 is stm lens,Others
578,asus fx516pr hn002t   asus tuf gaming fx516pr hn002t notebook 39 6 cm  15 6  1920 x 1080 pixels intel core i5 11xxx 16 gb ddr4 sdram 512 gb ssd nvidia geforce rtx 3070 max q wi fi 6  802 11ax  windows 10 home grey,"('asus fx516pr', 'ORG')"
579,tp link 6935364083175 xex  deco m9 plus  smart home mesh wi fi,Others
580,sonos playbase wireless soundbase speaker for tv   white,Others
581,wd 3tb my passport ultra 2 5 usb 3 0 external portable hard drive   white  wdbbkd0030bwt eesn    bt shop,Others
582,buy pt16aa 04804f hdd online   megabuy computer hardware australia,Others
583,wd my passport ultra 10th anniversary edition 1tb external hard drive  gold wdbtyh0010bcg nesn,Others
584,toshiba 64gb transmemory usb 3 0 flash drive   white,"('toshiba', 'ORG')"
585,purchase the amica asc200wh ovens today   delivery in luton   joe graham   son   luton  dunstable  mk,Others
586,philips hue white and colour ambiance gu10 starter kit 3 bulbs  929000261761    bt shop,Others
587,philips gc2145 29 easyspeed plus steam iron   blue,Others
588,panasonic dmrex97ebk hard drive dvd recorder   hbh woolacotts   cornwall and devon s premier independent electrical retailer,Others
589,lego reg  mindstorms reg  ev3 robot inventor 51515    australia,Others
590,matchbox jurassic world 1 24 scale trucks  gold jeep wrangler,Others
591,lenovo thinkbook 14s 14 1080p ips i7 10510u 16gb20rs002cau    online,"('lenovo', 'ORG')"
592,buy cmw32gx4m2d3600c18 online   megabuy computer store australia,"('buy cmw32gx4m2d3600c18', 'ORG')"
593,samsung convertible wireless fast charger stand  black    eb pg950   kogan comnz,Others
594,samsung 970 evo plus 2tb  mz v7s2t0bw,"('samsung 970 evo plus', 'ORG')"
595,smeg dosp6390x oven   appliance world,Others
596,versace women s sunglasses round   pale gold brown gradient,Others
597,ubiq  u lte us   ulteus   next level,"('ubiq', 'ORG')"
598,vanguard alta sky 45d backpack black,Others
599,tripp lite u444 003 h4k6be usb c to hdmi adapter cbl m m typec,"('u444 003', 'PRODUCT')"
600,speakers   best online store in united kingdom,Others
601,buy philips sonicare diamondclean 9000 electric toothbrush   white    au,Others
602,belling cookcentre 110g pss   444444099 in bristol   nailsea electrical bishopston bs7,"('bristol   nailsea electrical bishopston', 'ORG')"
603,breville bbl620sil the fresh andfurious blenderupgrade,Others
604,uppababy 0918 mbk uk jke minu from birth kit   jake  black m lange,"('mbk', 'ORG')"
605,belkin 32w   20w usb c   12w usb a dual port wall charger   white,Others
606,brother mfc l8900cdw wireless colour laser multifu 8ce85500106    online,Others
607,evga geforce rtx 3080 ftw3 ultra gaming 10gb gddr6 10g p5 3897 kr    online,Others
608,neff n1aha01n0b   warming drawer   stainless steel   black    kitchens   appliances,"('neff', 'ORG')"
609,kamado joe hyperbolic sloroller with cooking rack   classic  kj hyper,Others
610,netgear insight managed wifi 6 ax1800 dual band access point  wax610,"('6 ax1800', 'PRODUCT')"
611,miele cs 7632 fl smartline element with induction tepan yaki,Others
612,be850g2 uk   apc back ups be850g2   ups   ac 230 v   520 watt   850 va   output con,Others
613,buy mitsubishi electric msz ap 7 1kw reverse cycle split system air conditioner    au,"('mitsubishi electric msz', 'ORG')"
614,siemens wd14u521gb  10kg washer   6kg dryer with 1400 rpm spin speed,"('siemens', 'ORG')"
615,buy breville dual boiler espresso machine bes920bss   bi rite,Others
616,compatible xerox 006r01452 cyan toner cartridge   tonergiant,Others
617,intermec 318 034 003   barcodes  inc,Others
618,iogear usb 1 1  type a  male to db 9 rs 232 serial male adapter cable 1 ft    silver,Others
619,iogear miniview 4 port extreme multimedia kvmp switch kit,Others
620,grillstream gourmet 6 burner hybrid with steak shelf   stainless steel gas bbq  ggh66ss,Others
621,igenix ig9851 50l portable air dehumidifier,Others
622,advantage flea   tick treatment spray for cats  8 fl  oz    petco,Others
623,my arcade ms  pac man micro player,Others
624,sonos playbase,Others
625,bang   olufsen beoremote one bt netflix amazon,"('bt netflix', 'ORG')"
626,spectral cocoon co5 tv cabinet,Others
627,carrera champion sunglasses,Others
628,rangemaster unbsp100bl splashback,Others
629,linsar 40dvd400 40 hd ready 720p a  energy rated led tv with built in dvd player,"('linsar', 'ORG')"
630,lego city sky police parachute arrest   60208,Others
631,old trafford   manchester united   ag lego  certified stores australia,"('old trafford   ', 'ORG')"
632,formatt hitech rotating 72 82mm adaptor ring for firecrest 100mm holder,Others
633,avensys   mini fake cactus plants set of 4,Others
634,weber baby q1200 bbq   gas bbqs      online garden centre,Others
635,rz04 03220100 r3m1  razer blackshark v2 pro wireless,Others
636,ue75tu8000kxxu  samsung 75 ue75tu8000 hdr   test,Others
637,81mh0002uk  lenovo 14e chromebook,Others
638,za240nx1a001  seagate ironwolf pro 125 ssd 240gb nas,Others
639,marvista 6pc dining set,Others
640,blomberg hkn64w 60cm double oven electric cooker,"('blomberg', 'ORG')"
641,beefeater bb18224 bugg portable bbq   amber2 burner,"('beefeater', 'ORG')"
642,teco air conditioner window wall reverse cycle fixed speed 2 67 2 47kw,"('teco air conditioner', 'ORG')"
643,gigabyte intel  celeron j4105  2 5ghz  4 core  uhd graphic 600  2xso dimm  1xm 2  1x2 5 inch  1xgigabit lan  1xhdmi  1xmini dp  wifi ac  3 years warranty gb blce 4105 bwau,"('celeron j4105', 'ORG')"
644,weber p e spirit 300 flavorizer bars  7536,Others
645,weber griddle   q1200 q1000   weber world store  uk   wow bbq,Others
646,uk hotpoint hug61k,"('uk hotpoint hug61k', 'ORG')"
647,7pg55ea abu   hp prodesk 400 g6   sff   core i7 9700 3 ghz   16 gb   ssd 512 gb   uk,Others
648,2d200ea abu   hp 255 g7   15 6   ryzen 5 3500u   8 gb ram   256 gb ssd   uk,Others
649,buy 1f4x7pa online   megabuy computer hardware australia,Others
650,hp elitebook 850 g6 15 6 fhd i5 8265u 8gb 256gb s 7nv98pa    online,Others
651,hpe jg926a acc   hpe hewlett packard enterprise officeconnect 1920 24g poe   370w  managed l3 gigabit ethernet  10 100 1000  power over ethernet  poe  1u grey,"('hpe hewlett packard enterprise', 'ORG')"
652,hp zbook fury 17 g7 i7 10750h 16gb  1tb ssd 1tb hdd t1000 4gb  17 3fhd,"('3fhd', 'ORG')"
653,hp prodesk 600 g6 dm  i7 10700t  8gb  256gb optane ssd  wlan  w10p64  3 3 3   mediaform au,Others
654,black rapid fastenr tripod  fr t1,"('black rapid fastenr', 'ORG')"
655,neff n 50 j1ace4hn0b built under double oven with grill,"('neff n 50', 'ORG')"
656,lrgl5821s lg 30 5 8 cu ft  gas range with easyclean and wi fi enabled   stainless steel,Others
657,microsoft 6wc 00002   microsoft windows remote desktop services 1 license s  multilingual,"('microsoft', 'ORG')"
658,hp laserjet printer stand  l0h19a    landmark computers,Others
659,hp  564 black inkcb316wa  landmark computers,Others
660,uk indesit it50cws,Others
661,candy cflo 3550 e 1k in essex   sale appliances ltd,Others
662,canon br e1 wireless remote control   black,Others
663,denon avr2805 silver av receiver 2   archive   denon,Others
664,gopro hero9 black   with advanced kit chdhx 901 xx e,Others
665,fry s electronics,"('fry s', 'PRODUCT')"
666,garmin vivomove analogue watch   smart tech   phones from powerhouse je uk,Others
667,google ga00638 au nest mini   chalkchalk,"('google ga00638', 'ORG')"
668,6  new message,Others
669,sandisk 240gb ssd plus 2 5 7mm sata 6gb s ssd,Others
670,wd purple 2tb surveillance av hard disk drive   intellipower sata 6 gb s 64mb cache 3 5  wd20purx    bt shop,Others
671,wd my cloud pr2100 2 bay nas server  20tb  2x 10tb  hdd wdbbcl0200jbk nesn,Others
672,seagate stea2000403 2tb game drive portable usb3 0 2 5  inch,Others
673,alphason sleek scandinavian inspired stand  tvs up to 70 grey,"('alphason', 'ORG')"
674,reva 1 white,Others
675,rangemaster kitchener 110cm gas range cooker  cream chrome,Others
676,panasonic cs cu u50tkr air conditioner inverter cooling only5 0kw,"('panasonic cs cu', 'ORG')"
677,remington cb7400au keratin   argan oil nourish straighteningbrush,Others
678,lenovo thinkpad usb c dock 40a90090au,"('lenovo', 'ORG')"
679,indigovision bx620 4mp bullet camera built in ir standard lens 2 7 12mm day night poe remote zoom focus,"('4mp bullet camera', 'ORG')"
680,unify l30220 d600 a276   unify openscape voice server   lenovo sr530,Others
681,buy gxt4 10000rt230 online   megabuyaustralia,Others
682,vanguard supreme 27f carrying case,Others
683,honeywell 42206422 01e   barcodes  inc,Others
684,hifonix,Others
685,datalogic zsc2ds510051   datalogic ds5100 eoc 2 days comp 5 years,Others
686,pic flip game,Others
687,hot wheels   balance breakout set,Others
688,buy sealy elevate cadiz medium mattress   xl double    au,Others
689,buy salt   pepper bond ice sphere tray    au,Others
690,buy one for all essence tv remote control    au,Others
691,flat weave oval print rug green 300x80cm   kogan com,Others
692,belling bi602fpctblk   single oven electric   black    kitchens   appliances,Others
693,lg wmf86bh   peerless av ultra stretch landscape portrait lg wmf86bh   mount for lc,Others
694,sfp 10g sr cis   plusoptic sfp 10g sr cis   sfp  transceiver module   10 gige   lc mult,Others
695,intermec 851 061 502   barcodes  inc,Others
696,buy heller electronic ice maker    au,Others
697,hori aluminum mario case for nintendo switch,"('nintendo', 'ORG')"
698,motorola tc55bh jc11ee mobile handheld computer   barcodes  inc,"('motorola tc55bh jc11ee mobile handheld computer   ', 'ORG')"
699,mmf 226 199uspl10 04   barcodes  inc,"('mmf', 'ORG')"
700,buy navig8r 3 axis gimbal stabiliser    au,Others
701,buy a h beard incredible zoned latex pillow    au,Others
702,fisher   paykel rf522adb4 fridge freezer,Others
703,50uk6300pua   50uk6300pua   next level,Others
704,caple wc1792 in bristol   nailsea electrical bishopston bs7,Others
705,blomberg built in fanned programmable electric single oven   s steel   a rated   stewart   young ltd,"('blomberg', 'ORG')"
706,bosch hrs578bs6b built in oven,"('bosch', 'ORG')"
707,rangemaster tolsp100ss splashback,Others
708,used soligor 70 220mm f3 5 lens for nikon f  sh17058    used lenses   used,"('sh17058', 'PRODUCT')"
709,buy kelvinator 3 9kw window wall reverse cycle air conditioner kwh39hrf   bi rite,Others
710,gdha   lec 300wc 18 bottle wine cooler,Others
711,mz 77e500b eu  samsung 870 evo ssd 500gb 2 5 solid,Others
712,asus chromebook flip c436fa  c436fa e10087,Others
713,allure wood counter stool,Others
714,electra c1760b freestanding dishwasher,Others
715,phottix strato ttl receiver only   canon,Others
716,feedbackav tilt wall mount kit for 42 75 tvs with hdmi cable and screen cleaner   mt643   next level,Others
717,weber deluxe plancha   official weber world store uk   wow bbq,Others
718,weber  smokey joe  premium spring green charcoal  1127704,Others
719,weber premium cover summit 4 burner   weber world store   wow bbq,Others
720,weber master touch gbs e 5750 charcoal grill 57cm black   wow bbq,Others
721,star tsp143u receipt printer   barcodes  inc,"('star tsp143u receipt', 'ORG')"
722,swan sp21060grn 800w retro stand mixer in grey   best price   free uk delivery,Others
723,asrock radeon rx 6900 xt 16g 16gb gddr6 rgb led gr rx 6900 xt 16g    online,Others
724,samsung etwv520b connect home,Others
725,apple z11b764160uk eu   apple mbp13 sg m1 8c 8c 16gb 256gb 16c ne,"('apple', 'ORG')"
726,apple 4461983 airpods with wireless charging case mrxj2za a,Others
727,zebra p1058930 500a   barcodes  inc,Others
728,hp 206a yellow standard yield toner cartridge  w2112a  quill com,"('206a', 'PRODUCT')"
729,hotpoint ga2124ix 60cm built in gas oven in st steel  75 litre a  rated,Others
730,hp z1 g6 tower  2d8m7pa    landmark computers,Others
731,indesit id60c2k double oven electric cooker,"('oven electric', 'ORG')"
732,dell n1124p on l2 managed switch  210 ajit,Others
733,dell optiplex 5070 sff i7 9700 8gb 512gb ssd w10pn002o5070sffdd    online,"('dell optiplex', 'ORG')"
734,canon maxify mb2755 inkjet multifunction printer  0958c028    bt shop,"('canon maxify mb2755', 'ORG')"
735,epson c31cg62034 receipt printer   barcodes  inc,"('epson c31cg62034', 'ORG')"
736,corsair cmw32gx4m2c3200c16w d4 3200mhz 32gb 2x16 veng rgb pro,"('corsair', 'ORG')"
737,corsair cp 9020094 uk 1000w enthusiast rmx series rm1000x psu rifle,"('corsair', 'ORG')"
738,asus zenbook ux533fd 15 6 light weight ultrabook core i7 8565u,Others
739,apple 12w usb power adapter   kogan com,"('apple 12w', 'ORG')"
740,tp link tl wpa7517 kit   tp link av1000 gigabit powerline ac wi fi kit,Others
741,23191   trust gaming gxt 450 blizz rgb   headset   charlie gittins,Others
742,wd 2tb enterprise raid se sata 6gb s 64mb 7200rpm 3 5 https www businessdirect bt com products wd 2tb enterprise raid se sata 6gb s 64mb 7200rpm 3 5 wd2000f9yz 8T10 html Others others 2021 06 01 17 05 00,Others
743,ninjago  city gardens   ag lego  certified stores australia,"('ag', 'ORG')"
744,buy playstation media remote    au,Others
745,lenovo x1 carbon gen5 i5 7200u 8gb 1600 dd3l onboard  256gb pcie ssd  14in fhd ips  wl ac w10p64,"('lenovo x1', 'PRODUCT')"
746,vintage car set   one per customer   ag lego  certified stores australia,"('ag', 'ORG')"
747,lenovo thinkcentre m720q  10t7008sau    landmark computers,"('lenovo thinkcentre', 'ORG')"
748,electrolux ebe4507sc l bottom mount refrigerator stainless steel left hinge 453 litre,Others
749,dick smith   sony bluetooth cd dvd fm tuner micro hi fi system with usb   home entertainment   television accessories   rear projection tv lamps,"('sony', 'ORG')"
750,thomas the tank engine birthday surprise board game,Others
751,ifp6550 3   ifp6550 3   viewboard  65  4k interactive display,Others
752,dick smith   samsung usb fast charging travel adapter  9v    phones   accessories   smartphones accessories   chargers   cradles,Others
753,atlas cables products available with us  buy atlas cables audio cables atlas cables phono to phone rca cables and more online,Others
754,hifonix,Others
755,cisco partner support services  con psue asa5506e  parts only 8x5x4 for asa5506w e k9   mediaform au,"('asa5506w e k9', 'PRODUCT')"
756,body benefits kinetics vibrating massage mat,Others
757,buy ew3270zl online   megabuyaustralia,Others
758,disney simple fold plus high chair   minnie garden delight,"('disney simple fold', 'ORG')"
759,buy ea3 100sfw online   megabuy computer store australia,"('ea3', 'ORG')"
760,dimplex dctf81r tower fan with remote black finish81 cm,Others
761,barbie basic doll   red hair and blue heart dress,"('barbie basic doll   red hair', 'ORG')"
762,zintegrowana zamra arka neff gi1113f30  bia a,Others
763,neff j1ace4hn0b double oven   appliance world,"('neff j1ace4hn0b', 'ORG')"
764,be325 uk   apc surgearrest 325   ups   ac 230 v   325 va   output connectors  4,Others
765,buy salt   pepper matte black origin sun vase   au,Others
766,buy salt   pepper stack sculpture    au,Others
767,scosche usb c to usb c braided cable 10ft   black,"('scosche usb c', 'ORG')"
768,blue buffalo blue freedom grain free indoor chicken recipe adult canned cat food  5 5 oz  case of 24   petco,"('blue buffalo blue freedom', 'ORG')"
769,belling 444444093 cookcentre 110dft prof  110cm dual fuel range st steel,"('cookcentre', 'ORG')"
770,1 new message,Others
771,belkin 5000mah 12w power bank portable battery charger w usb mfi lightning port   kogan com,Others
772,oakley men s sunglasses rectangle   polished black,Others
773,seagate backup plus hub 8tb external desktop hard drive  stel8000100                           item            2716322,Others
774,iogear wireless hdmi transmitter and receiver kit,"('iogear', 'ORG')"
775,grillstream gourmet 6 burner  stainless steel bbq  gsg66ssr,Others
776,advantech win 10 iot ent 2019ltscmultilang esdoei high end   epkea mut 00013   x21 91820,"('advantech', 'ORG')"
777,asus video card  tv tuner   video  vga card,Others
778,memory  ram,Others
779,2 layer dish rack,Others
780,twin over twin bunk bed   black,Others
781,hotpoint nm11845gcauk 8kg 1400rpm washing machine,"('hotpoint', 'ORG')"
782,linn akurate exakt dsm,"('linn akurate', 'ORG')"
783,velodyne dd12  subwoofer,Others
784,ex display   bowers   wilkins formation audio   wireless music streamer,Others
785,bull lonestar select builtin gas bbq   natural gas  87049ce,"('bull lonestar select builtin gas bbq', 'ORG')"
786,burley 4121 ambience flueless stove fire gas black   go electrical,"('burley 4121', 'ORG')"
787,rangemaster tolsp110ss splashback,Others
788,smeg sf6905x1 built in oven,Others
789,neff c18ft56h0b built in oven,Others
790,kicker ksc 4x10 4ohm coax pr   47ksc41004   next level,Others
791,g skill trident z neo 32gb  2x16gb  3600mhz ddr4 d f4 3600c16d 32gtznc    online,Others
792,fisher   paykel rf540adusx4 s steel american food center  plumbed ice   water,"('rf540adusx4 s', 'PRODUCT')"
793,gigabyte gv n166soc 6gd gpu nv gtx1660 super oc 6g fan,"('gigabyte', 'ORG')"
794,gigabyte gv n306tvision oc 8gd   gigabyte geforce rtx 3060 ti vision oc 8g nvidia 8 gb gddr6,"('gigabyte', 'ORG')"
795,asus vg255h 24 5 full hd 75hz freesync gaming,Others
796,hw q800t  samsung hw q800t 3 1 2ch cinematic,Others
797,mu pa1t0b eu  samsung portable t5 1tb external ssd,Others
798,50nano796ne  lg 50nano796ne 50 4k ultra hd nanocell,Others
799,gourmet fun sam the knife,Others
800,bigk   woodies natural wood wool firelighters fsc    wow bbq,Others
801,tp link tl mr6400 300 mbps wireless n 4g lte router,Others
802,weber small drip pans   official weber world store   wow bbq,Others
803,motorola 11 67218 04r   barcodes  inc,"('motorola', 'ORG')"
804,telstra 4gx usb   wifi plus telstra prepaid device 117187,"('telstra 4gx', 'ORG')"
805,samsung mznlh1t0halb 00000   samsung pm881 m 2 1000 gb serial ata iii 3d tlc nand,Others
806,buy ls34j550wqexxy online   megabuyaustralia,Others
807,apple macbook pro 16 with touch bar 2 6ghz i7 16gb 512gb   silver   mediaform au,Others
808,hotpoint cooker 60cm electric double oven ceramic white   power direct,Others
809,avensys   b o beoplay a9 gold tone light oak 4th gen uk,Others
810,buy aura maya clay bath mat    au,Others
811,beldray bel0676n handheld cordless rechargeable wet   dry vacuum,"('beldray bel0676n', 'ORG')"
812,zebra 10015341 barcode label   barcodes  inc,Others
813,lg an gxdv55,Others
814,microsoft xbox wireless controller  shock blue,Others
815,microsoft 4zf 00017   microsoft virtual desktop access sngl  ovs d  1 mth 1 license s,"('microsoft', 'ORG')"
816,microsoft 7nq 01549   microsoft windows server 2019 standard core 2 license s,"('microsoft', 'ORG')"
817,indesit id60g2k 60cm gas cooker in black  gas double oven glass lid,Others
818,buy glasshouse white christmas cedar leaf   fruity clove 380g candle   au,Others
819,hoover re71tp03001 turbo power bagless cylinder vacuum in red   700w,Others
820,canon maxify mb2155 inkjet multifunction printer  0959c028    bt shop,"('canon maxify mb2155', 'ORG')"
821,buy canon pixma endurance g3600 multi function inkjet printer    au,Others
822,denon dm41dab black inc  roth ra3  bok fi  denon,Others
823,denon dvda1xva dvd player  multi region  premium silver   archive   denon,Others
824,zanussi zod35802xk oven   appliance world,Others
825,dyson 12 desk fan in white silver,"('dyson 12 desk', 'ORG')"
826,weber q1200 black   stand   official weber world store uk   wow bbq,Others
827,wd 3tb my book 3 5 usb3 0 desktop hard drive,Others
828,seagate backup plus 4tb usb 3 1 2 5 portable external hard drive   blue,Others
829,seagate ironwolf 4tb nas internal hard drive   cmr 3 5 sata 6gbps,Others
830,ww ww58a body weight digital scale,Others
831,buy cf53 i5 4gb 128 w10p exg online   megabuyaustralia,Others
832,mb mc32ga eu ean std   flash card 32gb evo plus micro sd w a,Others
833,philips 558m1ry 00 55 4k hdr gaming display   tekzone,Others
834,lego city sports car   60285,Others
835,nintendo entertainment system    ag lego  certified stores australia,"('nintendo entertainment system', 'ORG')"
836,lenovo v50a 22imb 21 5 ips touch i5 10400t 8gb 25 11fn001lau    online,"('lenovo', 'ORG')"
837,uk zanussi zcan38fw1,Others
838,sony cmtbx77dbi  mini hi fi with ipod dock,"('sony', 'ORG')"
839,sandisk extreme pro sdxc 170mb s uhsi card 256gb,"('sandisk extreme pro', 'ORG')"
840,dick smith   samsung usb c charging data cable ep dg950cbe 1m   phones   accessories   smartphones accessories   cables   adapters,"('samsung', 'ORG')"
841,dancook cover   5100 7000 7100 7200  130124,Others
842,cisco wsa wsp 1y s1   cisco web security appliance web security premium,"('s1', 'PRODUCT')"
843,brother mfc l8900cdw wireless colour laser multifu mfc l8900cdw    online,Others
844,breville lfa100gry the pop fan,Others
845,bose sport true wireless bluetooth earbuds,Others
846,buy x7c online   megabuyaustralia,Others
847,neff z51int0x0 recirculating kit for d51naa1c0b,Others
848,1 new message,Others
849,humax 100usbwlan wireless usb dongle   hbh woolacotts   cornwall and devon s premier independent electrical retailer,Others
850,hama star 63 tripod   tripods   heads,"('hama star 63', 'ORG')"
851,hasselblad 907x control grip,"('hasselblad', 'ORG')"
852,buy your indesit ifw6230ixuk online   quality ovens in lisburn   extended warranty available   vision sales direct,Others
853,buy chester armchair    au,Others
854,search results for   rtx,Others
855,tax invoice  101868795,Others
856,samsung nv70f7786hs dual cook single electric oven  stainless steel,"('samsung', 'ORG')"
857,audioquest niagara 3000 power conditioning mains block,Others
858,monitor audio bronze w10 subwoofer  6th gen,Others
859,monitor audio gold 5g w12 subwoofer,Others
860,chief mf1ub xgx   flat panel single stand height adjustable,Others
861,cream 110cm xg bertazzoni master 5 zone induction and 2 electric ovens mas110 5i mfe t cre,Others
862,broil king heavy duty cover   gem royal monarch  68470,"('broil king heavy', 'ORG')"
863,hawke nature trek 10x42 binocular   green,Others
864,hp350xl cb336ee black remanufactured ink cartridge by jettec h350xl,Others
865,lego duplo large green building plate   2304,Others
866,65nano866na  lg 65nano866na 65 4k ultra hd nanocell,Others
867,sn7cy dgbrllk  lg sn7cy 3 0 2ch dolby atmos   dts x,Others
868,indesit mtwc91283w r 9kg 1200rpm washing machine,Others
869,sunbeam dt6000 food lab electronic dehydrator,Others
870,tai hao key0015   tai hao pbt double shot keycaps black grey isoansi layout,Others
871,weber side table kit   q1200   weber world store   wow bbq,Others
872,weber smokey joe premium black   official weber world store   wow bbq,Others
873,buy tech21 evo clear case for galaxy s21 ultra   clear    au,Others
874,hoover hbtdwh7a1tce fully integrated heat pump dryer   hbh woolacotts   cornwall and devon s premier independent electrical retailer,Others
875,zebra z1as zq11 5cm service contract   barcodes  inc,Others
876,zebra 10010044 barcode label   barcodes  inc,"('zebra 10010044', 'ORG')"
877,acer um cb2ee 001 cb342cksmiiphzx 34 inch ips qhd fsync 1ms,"('acer um', 'ORG')"
878,buy wac510 10000s online   megabuy computer hardware australia,Others
879,microsoft 7nq 00050   microsoft sql server standard core edition 2 license s  multilingual,"('microsoft', 'ORG')"
880,nikon af s nikkor 55 300mm f 4 5 5 6g ed vr zoom lens   curacao,Others
881,hp elitebook x360 830 g7  1w7m0pa  landmark computers,"('x360 830', 'PRODUCT')"
882,hp zbook fury 15 g7  2p5l4pa  mobile workstation   landmark computers,"('2p5l4pa', 'ORG')"
883,canon power zoom adapter pz e1,"('canon power zoom adapter', 'ORG')"
884,buy dual rx580 o8g online   megabuy computer parts australia,"('rx580', 'PRODUCT')"
885,tp link deco m5 3 pack whole home wi fi dual band,Others
886,wd red 6tb nas 3 5 internal hard drive,Others
887,seagate hdd internal 10tb ironwolf 72 sata 3 5  st10000vn0008    bt shop,"('bt', 'ORG')"
888,wd 4tb red 3 5 sata 6gb s nas hard drive,Others
889,verbatim 4302431 pocket power pack  10 000 mah  graphite 65791,Others
890,anker powerdrive 2 elite with lightning connectora2214h11    online,Others
891,aniise refreshing toner too,Others
892,westin stratus air 880 i   ceiling integrated   painted white     poa    kitchens   appliances,"('westin stratus air', 'ORG')"
893,uk vivanco ts8040   stands   cabinets   tv accessories   tv blu ray   home cinema,Others
894,dick smith   sanus vuepoint floating shelf  fpa400 b1    home entertainment   television accessories   tv stands   mounts,Others
895,paperone all purpose a4 80gsm premium white copy paper   large pallet price  minimum purchase of 1 pallet   300 reams  60 boxes  required    mediaform au,Others
896,philips hue white and color ambiance 3 bulb b22   switch starter kit,Others
897,jabra  920 25 508 103  pro 920 wireless mono headset 920 25 508 103,Others
898,lenovo windows server 2019 client access license  10 user,"('lenovo', 'ORG')"
899,ubiquiti unifi dream machine ac1733 mu mimo ofdmaudm    online,Others
900,titanmedium ys05m office chair heavy duty gas lift black leat,Others
901,dick smith   philips water gozero soda sparkling water maker 1l carbonating bottle  add912    home appliances   small kitchen appliances   water purification   soda makers  home appliances   small kitchen appliances   water purification   soda makers,Others
902,culina ubefmm604bk built in electric single oven in black  58l slim depth,Others
903,cisco air ap2802i e k9   cisco aironet 2800 5200 mbit s white power over ethernet  poe,"('cisco air ap2802i e', 'ORG')"
904,brother hl1112zu1   brother hl 1112 laser printer 2400 x 600 dpi a4,Others
905,disney pixar cars colouring changing car   paul conrev,"('disney', 'ORG')"
906,explore planet earth travel pack palooka 65 backcare  black    kogan com,Others
907,elica stone stainless steel,Others
908,barbie colour reveal doll series 4  styles vary,"('barbie colour', 'ORG')"
909,hot wheels monster trucks 1 24 vehicle   boneshker,Others
910,sealy casina king mattress   plush,"('sealy casina king mattress', 'ORG')"
911,promethean activpremiumpsu   promethean power supply unit  for use with 300 pro rangeactivboards,"('promethean activpremiumpsu', 'ORG')"
912,iogear 2 port vga video splitter,Others
913,motorola adp mc32 cup0 01   barcodes  inc,"('motorola adp', 'ORG')"
914,dell optiplex 7080 sff i7 10700 8gb 256gb ssd w10p 287py    online,"('dell optiplex', 'ORG')"
915,corsair vengeance lpx 16gb  2x8gb  ddr4 3200mhz c1 cmk16gx4m2b3200c16    online,"('c1', 'PRODUCT')"
916,buy astro a20 wireless gaming headset gen 2 for playstation    au,Others
917,bonnie 7pc dining set,"('bonnie 7pc', 'ORG')"
918,shakespeare power sectional with sleeper,Others
919,aeg t8dg942r 9kg heat pump dryer,"('aeg', 'ORG')"
920,t a caruso all in one music system,Others
921,denon avc a110 13 2 channel av receiver,Others
922,buy cat s62 pro rugged smartphone    au,Others
923,blomberg built in fanned programmable electric single oven   s steel   a rated   cornwall appliances,"('blomberg', 'ORG')"
924,stoves st sgb700ps built in oven,Others
925,siemens bi630dns1b warming drawer,"('siemens bi630dns1b', 'ORG')"
926,magimix t190 electronic slicer,Others
927,lego ninjago lloyd s titan mech   70676,"('lloyd s', 'ORG')"
928,ferrari men s abetone chronograph watch   rose gold,"('ferrari', 'ORG')"
929,nx efhek 014  acer extensa 15 2540,"('nx efhek', 'ORG')"
930,nx c5fek 001  acer conceptd 7 ezel pro,"('nx', 'ORG')"
931,belen living room 2 piece set   sofa and loveseat with 2 recliners,Others
932,summer infant 3dlite convenience stroller   pink,Others
933,sigma 100 400mm f5 6 3 contemporary dg dn os lens   sony e fit,"('sony', 'ORG')"
934,fisher price linkimals happy shapes hedgehog   early learning centre,Others
935,feedbackav 42u equipment rack   pre assembled   faver42u   next level,Others
936,weber spirit ii e 320 gbs gas bbq   weber world store uk   wow bbq,Others
937,buy wd elements se 2tb portable hard drive    au,Others
938,buy sleepmaker miracoil reform cushion medium mattress   queen    au,Others
939,technics sc c70mk2ebs ottava f premium all in one music system,Others
940,maria maria dresser bge dresser american poplar,Others
941,buy sm t545nzkaxsa online   megabuy computer store australia,Others
942,buy muqw2x a online   megabuy computer hardware australia,Others
943,p1510cja ej457r   asus expertbook p1 p1510cja ej457r   15 6   core i5 1035g1   8 gb ram,Others
944,buy 6000 c2d 4gb 500 w10p sff exg online   megabuy computer store australia,Others
945,westinghouse whi645bc induction cooktop60cm,"('westinghouse whi645bc induction cooktop60cm', 'ORG')"
946,hp prodesk 400 g7 sff i5 10500 16gb 512gb ssd w10p 2j3f9pa    online,Others
947,hp 2n2b8ea abd   hp z2 g5 twr ci9 10900k intel core i9 10900k  20mb cache  3 7ghz  16gb ddr4 sdram  512gb ssd  intel uhd graphics 630  lan  windows 10 pro 64 bit   german version,"('2n2b8ea', 'ORG')"
948,hp 9lm35ea abu   hp z4 g4 i9 10940x tower intel  core  i9 x series 16 gb ddr4 sdram 512 gb ssd windows 10 pro workstation black,"('hp z4 g4', 'PRODUCT')"
949,omen by hp 15 dh0144tx gaming   mediaform au,Others
950,dick smith   auscrown double ring lp burner with hose   regulator   home   garden   yard  garden   outdoor living   outdoor heating  cooking   eating   barbecues  grills   smokers,"('lp burner', 'ORG')"
951,zebra p1080383 600   barcodes  inc,Others
952,lg ultragear gsync hdr600 27 16 9,"('lg ultragear gsync', 'ORG')"
953,dell wd19 130w   dell dock wd19   docking station   usb c   hdmi  2 x dp  usb c   gige,"('dell wd19 130w', 'ORG')"
954,canon eos 90d   18 135 is usm,Others
955,ulanzi v3 pro dual cold shoe gopro cage for gopro 5 6 7 w on camera mic  adapter 1615 a,Others
956,dyson pure hot cool purifying fan heater,Others
957,tapo l530e   tapo l530e   led light bulb   e27   8 7 w  equivalent 60 w    2500 650,Others
958,seagate skyhawk surveillance 1tb 7200rpm sata iii 6gb s 3 5 oem internal hard drive,Others
959,wd 1tb blue m 2 2280 sata 6gb s internal ssd,Others
960,seagate backup plus 5tb usb 3 1  gen 1 type a  2 5 portable external hard drive   black,Others
961,apc ap9630   apc 10 100base t network management card 2,Others
962,toscana 22 5cft refrigerator depth fingerprint   stainless steel,"('5cft', 'PRODUCT')"
963,unitech jobgen   barcodes  inc,Others
964,buy uag biodegradable outback case for iphone se  gen 2    black    au,Others
965,dick smith   onkaparinga australian wool all seasons washable quilt  double    home   garden   bedding   quilts  bedspreads   doonas,"('onkaparinga australian wool', 'ORG')"
966,dick smith   samsung gear vr black  sm r323    electronics   virtual reality   standalone vr headsets,Others
967,datalogic 942350010 mobile handheld computer   barcodes  inc,Others
968,datalogic zsh034 b   datalogic zsh034 b warranty support extension,Others
969,cisco pwr c45 9000acv rf   cisco pwr c45 9000acv network switch component power supply,Others
970,cisco p ltea la   cisco cat6 lte advanced pluggable for apac latam and anz,Others
971,fisher price imaginext dc super friends   the joker   harley quinn,Others
972,siemens hb578g5s6b built in multifunction single oven stainless steel,"('siemens hb578g5s6b', 'ORG')"
973,disney pixar cars colouring changing car   francesco bernoulli,"('disney', 'ORG')"
974,evga 08g p5 3751 kr   evga geforce rtx 3070 xc3 gaming nvidia 8 gb gddr6,Others
975,wwe  superstars charlotte flair action figure,"('wwe', 'ORG')"
976,miele 10198820   accessories    kitchens   appliances,Others
977,rosman essentials striker  intel,"('rosman essentials striker', 'ORG')"
978,elisabeth heritage rug navy 290x200cm   matt blatt,"('elisabeth heritage rug navy', 'ORG')"
979,medallion classic pattern rug ivory 170x120cm   kogan com,Others
980,blue buffalo blue basics adult healthy weight turkey   potato recipe dry dog food  24 lbs    petco,"('blue buffalo blue basics', 'ORG')"
981,blue buffalo blue delectables grain free natural chicken dinner   beef dinner wet dog food variety pack  36 oz  count of 12   petco,"('blue buffalo blue delectables', 'ORG')"
982,compatible hp 932xl   933xl combo pack   tonergiant,"('932xl', 'PRODUCT')"
983,iogear usb 1 1  type a  male to db 9 rs 232 serial male adapter cable 1 ft    silver,Others
984,hasselblad xv lens adapter,Others
985,humax fvpau4kgtr1t 1tb freeview hd recorder in black  3x hd tuners,Others
986,yahtzee game   kogan com,Others
987,netcomm np1201 1 2gbps powerline ac pass through twin pack np1201,"('netcomm np1201', 'ORG')"
988,motorola g8 plus cosmic blue 4 64 page0006au,"('motorola g8 plus cosmic', 'ORG')"
989,fisher   paykel rf540adub5 french door fridge freezer with ice and water in black brushed stainless steel   wellingtons electrical,Others
990,14k 3t gold nuestra se ora de guadalupe pendant,Others
991,samsung rs68n8220sl american fridge freezer,Others
992,bugaboo donkey  mono classic stroller  black grey melange   pram centre,Others
993,smeg scv115a wine cooler,Others
994,lego technic getaway truck   42090,Others
995,lg 6 9cuft gas double oven slide in range with probake convection and easyclean,Others
996,giorgio armani acqua di gio eau de toilette spray men s 1 7 oz,Others
997,avensys   ikea set of 3 fejka cactus small new in box,"('ikea', 'ORG')"
998,g512lv hn037t  asus rog strix g15 g512lv hn037t,Others
